SET FOREIGN_KEY_CHECKS = 0;
TRUNCATE TABLE sys_white_jwt;
TRUNCATE TABLE sys_role_menu;
TRUNCATE TABLE sys_role_dept;
TRUNCATE TABLE sys_user_role;
TRUNCATE TABLE sys_dict_data;
TRUNCATE TABLE sys_dict_type;
TRUNCATE TABLE sys_menu;
TRUNCATE TABLE sys_user;
TRUNCATE TABLE sys_role;
TRUNCATE TABLE sys_dept;
SET FOREIGN_KEY_CHECKS = 1;

INSERT INTO `sys_dept` (`dept_id`, `parent_id`, `dept_name`, `lft`, `rgt`, `depth`, `order`, `leader`, `phone`, `email`, `status`) VALUES (100, 0, 'xxx机构有限公司', 1, 20, 1, 1, NULL, '15888888888', '2547096351@qq.com', '0');
INSERT INTO `sys_dept` (`dept_id`, `parent_id`, `dept_name`, `lft`, `rgt`, `depth`, `order`, `leader`, `phone`, `email`, `status`) VALUES (10001, 100, '华中总部', 2, 19, 2, 1, NULL, NULL, NULL, '0');
INSERT INTO `sys_dept` (`dept_id`, `parent_id`, `dept_name`, `lft`, `rgt`, `depth`, `order`, `leader`, `phone`, `email`, `status`) VALUES (1000101, 10001, 'EcomAdmin开发组', 3, 14, 3, 1, NULL, NULL, NULL, '0');
INSERT INTO `sys_dept` (`dept_id`, `parent_id`, `dept_name`, `lft`, `rgt`, `depth`, `order`, `leader`, `phone`, `email`, `status`) VALUES (100010101, 1000101, 'UI组', 4, 5, 4, 1, NULL, NULL, NULL, '0');
INSERT INTO `sys_dept` (`dept_id`, `parent_id`, `dept_name`, `lft`, `rgt`, `depth`, `order`, `leader`, `phone`, `email`, `status`) VALUES (100010102, 1000101, '研发组', 6, 7, 4, 2, NULL, NULL, NULL, '0');
INSERT INTO `sys_dept` (`dept_id`, `parent_id`, `dept_name`, `lft`, `rgt`, `depth`, `order`, `leader`, `phone`, `email`, `status`) VALUES (1000102, 10001, '人事部门', 8, 9, 3, 2, NULL, NULL, NULL, '0');
INSERT INTO `sys_dept` (`dept_id`, `parent_id`, `dept_name`, `lft`, `rgt`, `depth`, `order`, `leader`, `phone`, `email`, `status`) VALUES (1000103, 10001, '财务部门', 10, 11, 3, 3, NULL, NULL, NULL, '0');

INSERT INTO `sys_role` (`role_id`, `role_name`, `role_key`, `order`, `data_scope`, `status`, `remark`, `admin`, `created_at`, `updated_at`) VALUES (1, '超级管理员', 'admin', 1, '1', '0', '默认角色，超级管理员，上帝角色', 1, NOW(), NULL);
INSERT INTO `sys_role` (`role_id`, `role_name`, `role_key`, `order`, `data_scope`, `status`, `remark`, `admin`, `created_at`, `updated_at`) VALUES (2, '普通员工', 'common', 2, '2', '0', '负责一些基础功能', 0, NOW(), NULL);

INSERT INTO `sys_user` (`id`, `dept_id`, `role_id`, `user_name`, `nick_name`, `email`, `phonenumber`, `sex`, `avatar`, `status`, `password`, `created_at`) VALUES (1, 100, 1, 'admin', '管理员', '2547096351@qq.com', '15888888888', 1, 'https://ooo.0x0.ooo/2025/04/10/O0dG7r.jpg', '0', '$2a$10$1234567890abcdefghijklmnopqrstuvwxyz', NOW());
INSERT INTO `sys_user` (`id`, `dept_id`, `role_id`, `user_name`, `nick_name`, `email`, `phonenumber`, `sex`, `avatar`, `status`, `password`, `created_at`) VALUES (2, 100010101, 2, 'common', '普通用户', '2547096351@qq.com', '15222222222', 0, 'https://ooo.0x0.ooo/2025/04/10/O0ddJI.jpg', '0', '$2a$10$1234567890abcdefghijklmnopqrstuvwxyz', NOW());

INSERT INTO `sys_user_role` (`user_id`, `role_id`) VALUES (1, 1);
INSERT INTO `sys_user_role` (`user_id`, `role_id`) VALUES (2, 2);

INSERT INTO `sys_menu` (`id`, `name`, `title`, `i18nkey`, `pid`, `order`, `path`, `component`, `redirect`, `href`, `no_cache`, `menu_type`, `hidden`, `active_menu`, `always_show`, `breadcrumb`, `affix`, `no_tags_view`, `can_to`, `status`, `perms`, `icon`, `created_at`, `updated_by`, `updated_at`, `remark`, `created_by`, `deleted_at`) VALUES (1, 'home', '首页', NULL, 0, 1, '/home', 'home/home', '', '', '0', 'C', '0', '', '1', '1', '1', '0', '0', '1', NULL, 'home', NOW(), NULL, NULL, '', NULL, NULL);
INSERT INTO `sys_menu` (`id`, `name`, `title`, `i18nkey`, `pid`, `order`, `path`, `component`, `redirect`, `href`, `no_cache`, `menu_type`, `hidden`, `active_menu`, `always_show`, `breadcrumb`, `affix`, `no_tags_view`, `can_to`, `status`, `perms`, `icon`, `created_at`, `updated_by`, `updated_at`, `remark`, `created_by`, `deleted_at`) VALUES (2, 'file', '文件', NULL, 0, 2, '/file', NULL, '/file/document-library', '', '0', 'M', '0', '', '1', '1', '1', '0', '0', '1', NULL, 'folder-menu', NOW(), NULL, NULL, '', NULL, NULL);
INSERT INTO `sys_menu` (`id`, `name`, `title`, `i18nkey`, `pid`, `order`, `path`, `component`, `redirect`, `href`, `no_cache`, `menu_type`, `hidden`, `active_menu`, `always_show`, `breadcrumb`, `affix`, `no_tags_view`, `can_to`, `status`, `perms`, `icon`, `created_at`, `updated_by`, `updated_at`, `remark`, `created_by`, `deleted_at`) VALUES (201, 'document-library', '文件库', NULL, 2, 1, '/file/document-library', 'file/document-library/document-library', '', '', '1', 'C', '0', '', '1', '1', '1', '0', '0', '1', NULL, 'icon-menu', NOW(), NULL, NULL, '', NULL, NULL);
INSERT INTO `sys_menu` (`id`, `name`, `title`, `i18nkey`, `pid`, `order`, `path`, `component`, `redirect`, `href`, `no_cache`, `menu_type`, `hidden`, `active_menu`, `always_show`, `breadcrumb`, `affix`, `no_tags_view`, `can_to`, `status`, `perms`, `icon`, `created_at`, `updated_by`, `updated_at`, `remark`, `created_by`, `deleted_at`) VALUES (3, 'table', '表格', NULL, 0, 3, '/table', NULL, '/table/common-table', '', '1', 'M', '0', '', '1', '1', '1', '0', '0', '1', NULL, 'table', NOW(), NULL, NULL, '', NULL, NULL);
INSERT INTO `sys_menu` (`id`, `name`, `title`, `i18nkey`, `pid`, `order`, `path`, `component`, `redirect`, `href`, `no_cache`, `menu_type`, `hidden`, `active_menu`, `always_show`, `breadcrumb`, `affix`, `no_tags_view`, `can_to`, `status`, `perms`, `icon`, `created_at`, `updated_by`, `updated_at`, `remark`, `created_by`, `deleted_at`) VALUES (301, 'common-table', '常用表格', NULL, 3, 1, '/table/common-table', 'table/common-table/common-table', '', '', '1', 'C', '0', '', '1', '1', '1', '0', '0', '1', NULL, 'icon-menu', NOW(), NULL, NULL, '', NULL, NULL);
INSERT INTO `sys_menu` (`id`, `name`, `title`, `i18nkey`, `pid`, `order`, `path`, `component`, `redirect`, `href`, `no_cache`, `menu_type`, `hidden`, `active_menu`, `always_show`, `breadcrumb`, `affix`, `no_tags_view`, `can_to`, `status`, `perms`, `icon`, `created_at`, `updated_by`, `updated_at`, `remark`, `created_by`, `deleted_at`) VALUES (302, 'custom-table', '自定义表格', NULL, 3, 2, '/table/custom-table', 'table/custom-table/custom-table', '', '', '1', 'C', '0', '', '1', '1', '1', '0', '0', '1', NULL, 'icon-menu', NOW(), NULL, NULL, '', NULL, NULL);
INSERT INTO `sys_menu` (`id`, `name`, `title`, `i18nkey`, `pid`, `order`, `path`, `component`, `redirect`, `href`, `no_cache`, `menu_type`, `hidden`, `active_menu`, `always_show`, `breadcrumb`, `affix`, `no_tags_view`, `can_to`, `status`, `perms`, `icon`, `created_at`, `updated_by`, `updated_at`, `remark`, `created_by`, `deleted_at`) VALUES (4, 'form', '表单', NULL, 0, 4, '/form', NULL, '/form/common-form', '', '1', 'M', '0', '', '1', '1', '1', '0', '0', '1', NULL, 'form', NOW(), NULL, NULL, '', NULL, NULL);
INSERT INTO `sys_menu` (`id`, `name`, `title`, `i18nkey`, `pid`, `order`, `path`, `component`, `redirect`, `href`, `no_cache`, `menu_type`, `hidden`, `active_menu`, `always_show`, `breadcrumb`, `affix`, `no_tags_view`, `can_to`, `status`, `perms`, `icon`, `created_at`, `updated_by`, `updated_at`, `remark`, `created_by`, `deleted_at`) VALUES (401, 'common-form', '常用表单', NULL, 4, 1, '/form/common-form', 'form/common-form/common-form', '', '', '1', 'C', '0', '', '1', '1', '1', '0', '0', '1', NULL, 'icon-menu', NOW(), NULL, NULL, '', NULL, NULL);
INSERT INTO `sys_menu` (`id`, `name`, `title`, `i18nkey`, `pid`, `order`, `path`, `component`, `redirect`, `href`, `no_cache`, `menu_type`, `hidden`, `active_menu`, `always_show`, `breadcrumb`, `affix`, `no_tags_view`, `can_to`, `status`, `perms`, `icon`, `created_at`, `updated_by`, `updated_at`, `remark`, `created_by`, `deleted_at`) VALUES (402, 'step-form', '分步表单', NULL, 4, 2, '/form/step-form', 'form/step-form/step-form', '', '', '1', 'C', '0', '', '1', '1', '1', '0', '0', '1', NULL, 'icon-menu', NOW(), NULL, NULL, '', NULL, NULL);
INSERT INTO `sys_menu` (`id`, `name`, `title`, `i18nkey`, `pid`, `order`, `path`, `component`, `redirect`, `href`, `no_cache`, `menu_type`, `hidden`, `active_menu`, `always_show`, `breadcrumb`, `affix`, `no_tags_view`, `can_to`, `status`, `perms`, `icon`, `created_at`, `updated_by`, `updated_at`, `remark`, `created_by`, `deleted_at`) VALUES (5, 'multilevel', '多级菜单', NULL, 0, 5, '/multilevel', NULL, '/multilevel/second-1', '', '1', 'M', '0', '', '1', '1', '1', '0', '0', '1', NULL, 'switch', NOW(), NULL, NULL, '', NULL, NULL);
INSERT INTO `sys_menu` (`id`, `name`, `title`, `i18nkey`, `pid`, `order`, `path`, `component`, `redirect`, `href`, `no_cache`, `menu_type`, `hidden`, `active_menu`, `always_show`, `breadcrumb`, `affix`, `no_tags_view`, `can_to`, `status`, `perms`, `icon`, `created_at`, `updated_by`, `updated_at`, `remark`, `created_by`, `deleted_at`) VALUES (501, 'second-1', '二级菜单1', NULL, 5, 1, '/multilevel/second-1', 'multilevel/second/second-1', '', '', '1', 'C', '0', '', '1', '1', '1', '0', '0', '1', NULL, 'icon-menu', NOW(), NULL, NULL, '', NULL, NULL);
INSERT INTO `sys_menu` (`id`, `name`, `title`, `i18nkey`, `pid`, `order`, `path`, `component`, `redirect`, `href`, `no_cache`, `menu_type`, `hidden`, `active_menu`, `always_show`, `breadcrumb`, `affix`, `no_tags_view`, `can_to`, `status`, `perms`, `icon`, `created_at`, `updated_by`, `updated_at`, `remark`, `created_by`, `deleted_at`) VALUES (502, 'second-2', '二级菜单2', NULL, 5, 2, '/multilevel/second-2', NULL, '/multilevel/third-1', '', '1', 'M', '0', '', '1', '1', '1', '0', '0', '1', NULL, 'icon-menu', NOW(), NULL, NULL, '', NULL, NULL);
INSERT INTO `sys_menu` (`id`, `name`, `title`, `i18nkey`, `pid`, `order`, `path`, `component`, `redirect`, `href`, `no_cache`, `menu_type`, `hidden`, `active_menu`, `always_show`, `breadcrumb`, `affix`, `no_tags_view`, `can_to`, `status`, `perms`, `icon`, `created_at`, `updated_by`, `updated_at`, `remark`, `created_by`, `deleted_at`) VALUES (50201, 'third-1', '三级菜单1', NULL, 502, 1, '/multilevel/third-1', 'multilevel/third/third-1', '', '', '1', 'C', '0', '', '1', '1', '1', '0', '0', '1', NULL, 'icon-menu', NOW(), NULL, NULL, '', NULL, NULL);
INSERT INTO `sys_menu` (`id`, `name`, `title`, `i18nkey`, `pid`, `order`, `path`, `component`, `redirect`, `href`, `no_cache`, `menu_type`, `hidden`, `active_menu`, `always_show`, `breadcrumb`, `affix`, `no_tags_view`, `can_to`, `status`, `perms`, `icon`, `created_at`, `updated_by`, `updated_at`, `remark`, `created_by`, `deleted_at`) VALUES (50202, 'third-2', '三级菜单2', NULL, 502, 2, '/multilevel/third-2', 'multilevel/third/third-2', '', '', '1', 'C', '0', '', '1', '1', '1', '0', '0', '1', NULL, 'icon-menu', NOW(), NULL, NULL, '', NULL, NULL);
INSERT INTO `sys_menu` (`id`, `name`, `title`, `i18nkey`, `pid`, `order`, `path`, `component`, `redirect`, `href`, `no_cache`, `menu_type`, `hidden`, `active_menu`, `always_show`, `breadcrumb`, `affix`, `no_tags_view`, `can_to`, `status`, `perms`, `icon`, `created_at`, `updated_by`, `updated_at`, `remark`, `created_by`, `deleted_at`) VALUES (50203, 'third-3', '三级菜单3', NULL, 502, 3, '/multilevel/third-3', 'multilevel/third/third-3', '', '', '1', 'C', '0', '', '1', '1', '1', '0', '0', '1', NULL, 'icon-menu', NOW(), NULL, NULL, '', NULL, NULL);
INSERT INTO `sys_menu` (`id`, `name`, `title`, `i18nkey`, `pid`, `order`, `path`, `component`, `redirect`, `href`, `no_cache`, `menu_type`, `hidden`, `active_menu`, `always_show`, `breadcrumb`, `affix`, `no_tags_view`, `can_to`, `status`, `perms`, `icon`, `created_at`, `updated_by`, `updated_at`, `remark`, `created_by`, `deleted_at`) VALUES (6, 'component', '组件', NULL, 0, 6, '/component', NULL, '/component/player', '', '1', 'M', '0', '', '1', '1', '1', '0', '0', '1', NULL, 'classify', NOW(), NULL, NULL, '', NULL, NULL);
INSERT INTO `sys_menu` (`id`, `name`, `title`, `i18nkey`, `pid`, `order`, `path`, `component`, `redirect`, `href`, `no_cache`, `menu_type`, `hidden`, `active_menu`, `always_show`, `breadcrumb`, `affix`, `no_tags_view`, `can_to`, `status`, `perms`, `icon`, `created_at`, `updated_by`, `updated_at`, `remark`, `created_by`, `deleted_at`) VALUES (601, 'player', '播放器', NULL, 6, 1, '/component/player', 'component/player/player', '', '', '1', 'C', '0', '', '1', '1', '1', '0', '0', '1', NULL, 'icon-menu', NOW(), NULL, NULL, '', NULL, NULL);
INSERT INTO `sys_menu` (`id`, `name`, `title`, `i18nkey`, `pid`, `order`, `path`, `component`, `redirect`, `href`, `no_cache`, `menu_type`, `hidden`, `active_menu`, `always_show`, `breadcrumb`, `affix`, `no_tags_view`, `can_to`, `status`, `perms`, `icon`, `created_at`, `updated_by`, `updated_at`, `remark`, `created_by`, `deleted_at`) VALUES (602, 'print', '打印', NULL, 6, 2, '/component/print', 'component/print/print', '', '', '1', 'C', '0', '', '1', '1', '1', '0', '0', '1', NULL, 'icon-menu', NOW(), NULL, NULL, '', NULL, NULL);
INSERT INTO `sys_menu` (`id`, `name`, `title`, `i18nkey`, `pid`, `order`, `path`, `component`, `redirect`, `href`, `no_cache`, `menu_type`, `hidden`, `active_menu`, `always_show`, `breadcrumb`, `affix`, `no_tags_view`, `can_to`, `status`, `perms`, `icon`, `created_at`, `updated_by`, `updated_at`, `remark`, `created_by`, `deleted_at`) VALUES (603, 'draggable', '拖拽', NULL, 6, 3, '/component/draggable', 'component/draggable/draggable', '', '', '1', 'C', '0', '', '1', '1', '1', '0', '0', '1', NULL, 'icon-menu', NOW(), NULL, NULL, '', NULL, NULL);
INSERT INTO `sys_menu` (`id`, `name`, `title`, `i18nkey`, `pid`, `order`, `path`, `component`, `redirect`, `href`, `no_cache`, `menu_type`, `hidden`, `active_menu`, `always_show`, `breadcrumb`, `affix`, `no_tags_view`, `can_to`, `status`, `perms`, `icon`, `created_at`, `updated_by`, `updated_at`, `remark`, `created_by`, `deleted_at`) VALUES (604, 'editor', '编辑器', NULL, 6, 4, '/component/editor', 'component/editor/editor', '', '', '1', 'C', '0', '', '1', '1', '1', '0', '0', '1', NULL, 'icon-menu', NOW(), NULL, NULL, '', NULL, NULL);
INSERT INTO `sys_menu` (`id`, `name`, `title`, `i18nkey`, `pid`, `order`, `path`, `component`, `redirect`, `href`, `no_cache`, `menu_type`, `hidden`, `active_menu`, `always_show`, `breadcrumb`, `affix`, `no_tags_view`, `can_to`, `status`, `perms`, `icon`, `created_at`, `updated_by`, `updated_at`, `remark`, `created_by`, `deleted_at`) VALUES (605, 'newbie', '新手引导', NULL, 6, 5, '/component/newbie', 'component/newbie/newbie', '', '', '1', 'C', '0', '', '1', '1', '1', '0', '0', '1', NULL, 'icon-menu', NOW(), NULL, NULL, '', NULL, NULL);
INSERT INTO `sys_menu` (`id`, `name`, `title`, `i18nkey`, `pid`, `order`, `path`, `component`, `redirect`, `href`, `no_cache`, `menu_type`, `hidden`, `active_menu`, `always_show`, `breadcrumb`, `affix`, `no_tags_view`, `can_to`, `status`, `perms`, `icon`, `created_at`, `updated_by`, `updated_at`, `remark`, `created_by`, `deleted_at`) VALUES (606, 'icon-selector', '图标选择器', NULL, 6, 6, '/component/icon-selector', 'component/icon-selector/icon-selector', '', '', '1', 'C', '0', '', '1', '1', '1', '0', '0', '1', NULL, 'icon-menu', NOW(), NULL, NULL, '', NULL, NULL);
INSERT INTO `sys_menu` (`id`, `name`, `title`, `i18nkey`, `pid`, `order`, `path`, `component`, `redirect`, `href`, `no_cache`, `menu_type`, `hidden`, `active_menu`, `always_show`, `breadcrumb`, `affix`, `no_tags_view`, `can_to`, `status`, `perms`, `icon`, `created_at`, `updated_by`, `updated_at`, `remark`, `created_by`, `deleted_at`) VALUES (607, 'user-center', '个人中心', NULL, 6, 7, '/component/user-center', 'component/user-center/user-center', '', 'component/user-center', '1', 'C', '0', 'component/user-center', '1', '1', '1', '0', '0', '1', NULL, 'icon-menu', NOW(), NULL, NULL, '', NULL, NULL);
INSERT INTO `sys_menu` (`id`, `name`, `title`, `i18nkey`, `pid`, `order`, `path`, `component`, `redirect`, `href`, `no_cache`, `menu_type`, `hidden`, `active_menu`, `always_show`, `breadcrumb`, `affix`, `no_tags_view`, `can_to`, `status`, `perms`, `icon`, `created_at`, `updated_by`, `updated_at`, `remark`, `created_by`, `deleted_at`) VALUES (608, 'fingerprintjs2', '指纹识别', NULL, 6, 8, '/component/fingerprintjs2', 'component/fingerprintjs2/fingerprintjs2', '', '', '1', 'C', '0', '', '1', '1', '1', '0', '0', '1', NULL, 'icon-menu', NOW(), NULL, NULL, '', NULL, NULL);
INSERT INTO `sys_menu` (`id`, `name`, `title`, `i18nkey`, `pid`, `order`, `path`, `component`, `redirect`, `href`, `no_cache`, `menu_type`, `hidden`, `active_menu`, `always_show`, `breadcrumb`, `affix`, `no_tags_view`, `can_to`, `status`, `perms`, `icon`, `created_at`, `updated_by`, `updated_at`, `remark`, `created_by`, `deleted_at`) VALUES (609, 'barcode', '条形码', NULL, 6, 9, '/component/barcode', 'component/barcode/barcode', '', '', '1', 'C', '0', '', '1', '1', '1', '0', '0', '1', NULL, 'icon-menu', NOW(), NULL, NULL, '', NULL, NULL);
INSERT INTO `sys_menu` (`id`, `name`, `title`, `i18nkey`, `pid`, `order`, `path`, `component`, `redirect`, `href`, `no_cache`, `menu_type`, `hidden`, `active_menu`, `always_show`, `breadcrumb`, `affix`, `no_tags_view`, `can_to`, `status`, `perms`, `icon`, `created_at`, `updated_by`, `updated_at`, `remark`, `created_by`, `deleted_at`) VALUES (610, 'qrcode', '二维码', NULL, 6, 10, '/component/qrcode', 'component/qrcode/qrcode', '', '', '1', 'C', '0', '', '1', '1', '1', '0', '0', '1', NULL, 'icon-menu', NOW(), NULL, NULL, '', NULL, NULL);
INSERT INTO `sys_menu` (`id`, `name`, `title`, `i18nkey`, `pid`, `order`, `path`, `component`, `redirect`, `href`, `no_cache`, `menu_type`, `hidden`, `active_menu`, `always_show`, `breadcrumb`, `affix`, `no_tags_view`, `can_to`, `status`, `perms`, `icon`, `created_at`, `updated_by`, `updated_at`, `remark`, `created_by`, `deleted_at`) VALUES (611, 'pinyin', '拼音转换', NULL, 6, 11, '/component/pinyin', 'component/pinyin/pinyin', '', '', '1', 'C', '0', '', '1', '1', '1', '0', '0', '1', NULL, 'icon-menu', NOW(), NULL, NULL, '', NULL, NULL);
INSERT INTO `sys_menu` (`id`, `name`, `title`, `i18nkey`, `pid`, `order`, `path`, `component`, `redirect`, `href`, `no_cache`, `menu_type`, `hidden`, `active_menu`, `always_show`, `breadcrumb`, `affix`, `no_tags_view`, `can_to`, `status`, `perms`, `icon`, `created_at`, `updated_by`, `updated_at`, `remark`, `created_by`, `deleted_at`) VALUES (612, 'recorder', '录音机', NULL, 6, 12, '/component/recorder', 'component/recorder/recorder', '', '', '1', 'C', '0', '', '1', '1', '1', '0', '0', '1', NULL, 'icon-menu', NOW(), NULL, NULL, '', NULL, NULL);
INSERT INTO `sys_menu` (`id`, `name`, `title`, `i18nkey`, `pid`, `order`, `path`, `component`, `redirect`, `href`, `no_cache`, `menu_type`, `hidden`, `active_menu`, `always_show`, `breadcrumb`, `affix`, `no_tags_view`, `can_to`, `status`, `perms`, `icon`, `created_at`, `updated_by`, `updated_at`, `remark`, `created_by`, `deleted_at`) VALUES (613, 'virtual-list', '虚拟列表', NULL, 6, 13, '/component/virtual-list', 'component/virtual-list/index', '', '', '1', 'C', '0', '', '1', '1', '1', '0', '0', '1', NULL, 'icon-menu', NOW(), NULL, NULL, '', NULL, NULL);
INSERT INTO `sys_menu` (`id`, `name`, `title`, `i18nkey`, `pid`, `order`, `path`, `component`, `redirect`, `href`, `no_cache`, `menu_type`, `hidden`, `active_menu`, `always_show`, `breadcrumb`, `affix`, `no_tags_view`, `can_to`, `status`, `perms`, `icon`, `created_at`, `updated_by`, `updated_at`, `remark`, `created_by`, `deleted_at`) VALUES (614, 'common-layouts', '通用布局', NULL, 6, 14, '/component/common-layouts', 'component/common-layouts/index', '', '', '1', 'C', '0', '', '1', '1', '1', '0', '0', '1', NULL, 'icon-menu', NOW(), NULL, NULL, '', NULL, NULL);
INSERT INTO `sys_menu` (`id`, `name`, `title`, `i18nkey`, `pid`, `order`, `path`, `component`, `redirect`, `href`, `no_cache`, `menu_type`, `hidden`, `active_menu`, `always_show`, `breadcrumb`, `affix`, `no_tags_view`, `can_to`, `status`, `perms`, `icon`, `created_at`, `updated_by`, `updated_at`, `remark`, `created_by`, `deleted_at`) VALUES (7, 'directive', '指令', NULL, 0, 7, '/directive', NULL, '/directive/anti-shake', '', '1', 'M', '0', '', '1', '1', '1', '0', '0', '1', NULL, 'directives', NOW(), NULL, NULL, '', NULL, NULL);
INSERT INTO `sys_menu` (`id`, `name`, `title`, `i18nkey`, `pid`, `order`, `path`, `component`, `redirect`, `href`, `no_cache`, `menu_type`, `hidden`, `active_menu`, `always_show`, `breadcrumb`, `affix`, `no_tags_view`, `can_to`, `status`, `perms`, `icon`, `created_at`, `updated_by`, `updated_at`, `remark`, `created_by`, `deleted_at`) VALUES (701, 'anti-shake', '防抖', NULL, 7, 1, '/directive/anti-shake', 'directive/anti-shake/anti-shake', '', '', '1', 'C', '0', '', '1', '1', '1', '0', '0', '1', NULL, 'icon-menu', NOW(), NULL, NULL, '', NULL, NULL);
INSERT INTO `sys_menu` (`id`, `name`, `title`, `i18nkey`, `pid`, `order`, `path`, `component`, `redirect`, `href`, `no_cache`, `menu_type`, `hidden`, `active_menu`, `always_show`, `breadcrumb`, `affix`, `no_tags_view`, `can_to`, `status`, `perms`, `icon`, `created_at`, `updated_by`, `updated_at`, `remark`, `created_by`, `deleted_at`) VALUES (702, 'throttle', '节流', NULL, 7, 2, '/directive/throttle', 'directive/throttle/throttle', '', '', '1', 'C', '0', '', '1', '1', '1', '0', '0', '1', NULL, 'icon-menu', NOW(), NULL, NULL, '', NULL, NULL);
INSERT INTO `sys_menu` (`id`, `name`, `title`, `i18nkey`, `pid`, `order`, `path`, `component`, `redirect`, `href`, `no_cache`, `menu_type`, `hidden`, `active_menu`, `always_show`, `breadcrumb`, `affix`, `no_tags_view`, `can_to`, `status`, `perms`, `icon`, `created_at`, `updated_by`, `updated_at`, `remark`, `created_by`, `deleted_at`) VALUES (703, 'test-directive', '测试指令', NULL, 7, 3, '/directive/test-directive', 'directive/test-directive/test-directive', '', 'directive/test-directive', '1', 'C', '0', '', '1', '1', '1', '0', '0', '1', NULL, 'icon-menu', NOW(), NULL, NULL, '', NULL, NULL);
INSERT INTO `sys_menu` (`id`, `name`, `title`, `i18nkey`, `pid`, `order`, `path`, `component`, `redirect`, `href`, `no_cache`, `menu_type`, `hidden`, `active_menu`, `always_show`, `breadcrumb`, `affix`, `no_tags_view`, `can_to`, `status`, `perms`, `icon`, `created_at`, `updated_by`, `updated_at`, `remark`, `created_by`, `deleted_at`) VALUES (9, 'functions', '功能', NULL, 0, 9, '/functions', NULL, '/functions/routing-operation', '', '1', 'M', '0', '', '1', '1', '1', '0', '0', '1', NULL, 'functions', NOW(), NULL, NULL, '', NULL, NULL);
INSERT INTO `sys_menu` (`id`, `name`, `title`, `i18nkey`, `pid`, `order`, `path`, `component`, `redirect`, `href`, `no_cache`, `menu_type`, `hidden`, `active_menu`, `always_show`, `breadcrumb`, `affix`, `no_tags_view`, `can_to`, `status`, `perms`, `icon`, `created_at`, `updated_by`, `updated_at`, `remark`, `created_by`, `deleted_at`) VALUES (901, 'routing-operation', '路由操作', NULL, 9, 1, '/functions/routing-operation', 'functions/routing-operation/index', '', '', '1', 'C', '0', '', '1', '1', '1', '0', '0', '1', NULL, 'icon-menu', NOW(), NULL, NULL, '', NULL, NULL);
INSERT INTO `sys_menu` (`id`, `name`, `title`, `i18nkey`, `pid`, `order`, `path`, `component`, `redirect`, `href`, `no_cache`, `menu_type`, `hidden`, `active_menu`, `always_show`, `breadcrumb`, `affix`, `no_tags_view`, `can_to`, `status`, `perms`, `icon`, `created_at`, `updated_by`, `updated_at`, `remark`, `created_by`, `deleted_at`) VALUES (90101, 'common-route', '通用路由', NULL, 901, 1, '/functions/routing-operation/common-route', 'functions/routing-operation/common-route', '', 'functions/routing-operation/common-route', '1', 'C', '0', '', '1', '1', '1', '0', '0', '1', NULL, 'switch', NOW(), NULL, NULL, '', NULL, NULL);
INSERT INTO `sys_menu` (`id`, `name`, `title`, `i18nkey`, `pid`, `order`, `path`, `component`, `redirect`, `href`, `no_cache`, `menu_type`, `hidden`, `active_menu`, `always_show`, `breadcrumb`, `affix`, `no_tags_view`, `can_to`, `status`, `perms`, `icon`, `created_at`, `updated_by`, `updated_at`, `remark`, `created_by`, `deleted_at`) VALUES (90102, 'dynamic-route', '动态路由', NULL, 901, 2, '/functions/routing-operation/dynamic-route/:name/:text', 'functions/routing-operation/dynamic-route', '', 'functions/routing-operation/dynamic-route', '1', 'C', '0', '', '1', '1', '1', '0', '0', '1', NULL, 'switch', NOW(), NULL, NULL, '', NULL, NULL);
INSERT INTO `sys_menu` (`id`, `name`, `title`, `i18nkey`, `pid`, `order`, `path`, `component`, `redirect`, `href`, `no_cache`, `menu_type`, `hidden`, `active_menu`, `always_show`, `breadcrumb`, `affix`, `no_tags_view`, `can_to`, `status`, `perms`, `icon`, `created_at`, `updated_by`, `updated_at`, `remark`, `created_by`, `deleted_at`) VALUES (902, 'common-tools', '常用工具', NULL, 9, 2, '/functions/common-tools', 'functions/common-tools/common-tools', '', '', '1', 'C', '0', '', '1', '1', '1', '0', '0', '1', NULL, 'icon-menu', NOW(), NULL, NULL, '', NULL, NULL);
INSERT INTO `sys_menu` (`id`, `name`, `title`, `i18nkey`, `pid`, `order`, `path`, `component`, `redirect`, `href`, `no_cache`, `menu_type`, `hidden`, `active_menu`, `always_show`, `breadcrumb`, `affix`, `no_tags_view`, `can_to`, `status`, `perms`, `icon`, `created_at`, `updated_by`, `updated_at`, `remark`, `created_by`, `deleted_at`) VALUES (903, 'tree-tools', '树形工具', NULL, 9, 3, '/functions/tree-tools', 'functions/tree-tools/tree-tools', '', '', '1', 'C', '0', '', '1', '1', '1', '0', '0', '1', NULL, 'icon-menu', NOW(), NULL, NULL, '', NULL, NULL);
INSERT INTO `sys_menu` (`id`, `name`, `title`, `i18nkey`, `pid`, `order`, `path`, `component`, `redirect`, `href`, `no_cache`, `menu_type`, `hidden`, `active_menu`, `always_show`, `breadcrumb`, `affix`, `no_tags_view`, `can_to`, `status`, `perms`, `icon`, `created_at`, `updated_by`, `updated_at`, `remark`, `created_by`, `deleted_at`) VALUES (904, 'file-tools', '文件工具', NULL, 9, 4, '/functions/file-tools', 'functions/file-tools/file-tools', '', '', '1', 'C', '0', '', '1', '1', '1', '0', '0', '1', NULL, 'icon-menu', NOW(), NULL, NULL, '', NULL, NULL);
INSERT INTO `sys_menu` (`id`, `name`, `title`, `i18nkey`, `pid`, `order`, `path`, `component`, `redirect`, `href`, `no_cache`, `menu_type`, `hidden`, `active_menu`, `always_show`, `breadcrumb`, `affix`, `no_tags_view`, `can_to`, `status`, `perms`, `icon`, `created_at`, `updated_by`, `updated_at`, `remark`, `created_by`, `deleted_at`) VALUES (905, 'verify-tools', '验证工具', NULL, 9, 5, '/functions/verify-tools', 'functions/verify-tools/verify-tools', '', '', '1', 'C', '0', '', '1', '1', '1', '0', '0', '1', NULL, 'icon-menu', NOW(), NULL, NULL, '', NULL, NULL);
INSERT INTO `sys_menu` (`id`, `name`, `title`, `i18nkey`, `pid`, `order`, `path`, `component`, `redirect`, `href`, `no_cache`, `menu_type`, `hidden`, `active_menu`, `always_show`, `breadcrumb`, `affix`, `no_tags_view`, `can_to`, `status`, `perms`, `icon`, `created_at`, `updated_by`, `updated_at`, `remark`, `created_by`, `deleted_at`) VALUES (10, 'system', '系统管理', NULL, 0, 10, '/system', NULL, '/system/account', '', '1', 'M', '0', '', '1', '1', '1', '0', '0', '1', NULL, 'set', NOW(), NULL, NULL, '', NULL, NULL);
INSERT INTO `sys_menu` (`id`, `name`, `title`, `i18nkey`, `pid`, `order`, `path`, `component`, `redirect`, `href`, `no_cache`, `menu_type`, `hidden`, `active_menu`, `always_show`, `breadcrumb`, `affix`, `no_tags_view`, `can_to`, `status`, `perms`, `icon`, `created_at`, `updated_by`, `updated_at`, `remark`, `created_by`, `deleted_at`) VALUES (1001, 'account', '账号管理', NULL, 10, 1, '/system/account', 'system/account/account', '', '', '1', 'C', '0', '', '1', '1', '1', '0', '0', '1', NULL, 'icon-menu', NOW(), NULL, NULL, '', NULL, NULL);
INSERT INTO `sys_menu` (`id`, `name`, `title`, `i18nkey`, `pid`, `order`, `path`, `component`, `redirect`, `href`, `no_cache`, `menu_type`, `hidden`, `active_menu`, `always_show`, `breadcrumb`, `affix`, `no_tags_view`, `can_to`, `status`, `perms`, `icon`, `created_at`, `updated_by`, `updated_at`, `remark`, `created_by`, `deleted_at`) VALUES (1002, 'role', '角色管理', NULL, 10, 2, '/system/role', 'system/role/role', '', '', '1', 'C', '0', '', '1', '1', '1', '0', '0', '1', NULL, 'icon-menu', NOW(), NULL, NULL, '', NULL, NULL);
INSERT INTO `sys_menu` (`id`, `name`, `title`, `i18nkey`, `pid`, `order`, `path`, `component`, `redirect`, `href`, `no_cache`, `menu_type`, `hidden`, `active_menu`, `always_show`, `breadcrumb`, `affix`, `no_tags_view`, `can_to`, `status`, `perms`, `icon`, `created_at`, `updated_by`, `updated_at`, `remark`, `created_by`, `deleted_at`) VALUES (1003, 'menu', '菜单管理', NULL, 10, 3, '/system/menu', 'system/menu/menu', '', '', '1', 'C', '0', '', '1', '1', '1', '0', '0', '1', NULL, 'icon-menu', NOW(), NULL, NULL, '', NULL, NULL);
INSERT INTO `sys_menu` (`id`, `name`, `title`, `i18nkey`, `pid`, `order`, `path`, `component`, `redirect`, `href`, `no_cache`, `menu_type`, `hidden`, `active_menu`, `always_show`, `breadcrumb`, `affix`, `no_tags_view`, `can_to`, `status`, `perms`, `icon`, `created_at`, `updated_by`, `updated_at`, `remark`, `created_by`, `deleted_at`) VALUES (1004, 'division', '部门管理', NULL, 10, 4, '/system/division', 'system/division/division', '', '', '1', 'C', '0', '', '1', '1', '1', '0', '0', '1', NULL, 'icon-menu', NOW(), NULL, NULL, '', NULL, NULL);
INSERT INTO `sys_menu` (`id`, `name`, `title`, `i18nkey`, `pid`, `order`, `path`, `component`, `redirect`, `href`, `no_cache`, `menu_type`, `hidden`, `active_menu`, `always_show`, `breadcrumb`, `affix`, `no_tags_view`, `can_to`, `status`, `perms`, `icon`, `created_at`, `updated_by`, `updated_at`, `remark`, `created_by`, `deleted_at`) VALUES (1005, 'dictionary', '字典管理', NULL, 10, 5, '/system/dictionary', 'system/dictionary/dictionary', '', '', '1', 'C', '0', '', '1', '1', '1', '0', '0', '1', NULL, 'icon-menu', NOW(), NULL, NULL, '', NULL, NULL);
INSERT INTO `sys_menu` (`id`, `name`, `title`, `i18nkey`, `pid`, `order`, `path`, `component`, `redirect`, `href`, `no_cache`, `menu_type`, `hidden`, `active_menu`, `always_show`, `breadcrumb`, `affix`, `no_tags_view`, `can_to`, `status`, `perms`, `icon`, `created_at`, `updated_by`, `updated_at`, `remark`, `created_by`, `deleted_at`) VALUES (1006, 'log', '日志管理', NULL, 10, 6, '/system/log', 'system/log/log', '', 'system/log', '1', 'C', '0', '', '1', '1', '1', '0', '0', '1', NULL, 'icon-menu', NOW(), NULL, NULL, '', NULL, NULL);
INSERT INTO `sys_menu` (`id`, `name`, `title`, `i18nkey`, `pid`, `order`, `path`, `component`, `redirect`, `href`, `no_cache`, `menu_type`, `hidden`, `active_menu`, `always_show`, `breadcrumb`, `affix`, `no_tags_view`, `can_to`, `status`, `perms`, `icon`, `created_at`, `updated_by`, `updated_at`, `remark`, `created_by`, `deleted_at`) VALUES (1007, 'userinfo', '个人中心', NULL, 10, 7, '/system/userinfo', 'system/userinfo/userinfo', '', '', '1', 'C', '0', '', '1', '1', '1', '0', '0', '1', NULL, 'icon-menu', NOW(), NULL, NULL, '', NULL, NULL);
INSERT INTO `sys_menu` (`id`, `name`, `title`, `i18nkey`, `pid`, `order`, `path`, `component`, `redirect`, `href`, `no_cache`, `menu_type`, `hidden`, `active_menu`, `always_show`, `breadcrumb`, `affix`, `no_tags_view`, `can_to`, `status`, `perms`, `icon`, `created_at`, `updated_by`, `updated_at`, `remark`, `created_by`, `deleted_at`) VALUES (11, 'disable-menu', '禁用菜单', NULL, 0, 11, '/disable-menu', 'disable-menu/disable-menu', '', '', '0', 'C', '0', '', '0', '1', '0', '0', '0', '1', NULL, 'switch', NOW(), NULL, NULL, '', NULL, NULL);
INSERT INTO `sys_menu` (`id`, `name`, `title`, `i18nkey`, `pid`, `order`, `path`, `component`, `redirect`, `href`, `no_cache`, `menu_type`, `hidden`, `active_menu`, `always_show`, `breadcrumb`, `affix`, `no_tags_view`, `can_to`, `status`, `perms`, `icon`, `created_at`, `updated_by`, `updated_at`, `remark`, `created_by`, `deleted_at`) VALUES (12, 'hide-menu', '隐藏菜单', NULL, 0, 12, '/hide-menu', 'hide-menu/hide-menu', '', 'hide-menu', '0', 'C', '0', '', '0', '1', '0', '0', '0', '1', NULL, 'switch', NOW(), NULL, NULL, '', NULL, NULL);
INSERT INTO `sys_menu` (`id`, `name`, `title`, `i18nkey`, `pid`, `order`, `path`, `component`, `redirect`, `href`, `no_cache`, `menu_type`, `hidden`, `active_menu`, `always_show`, `breadcrumb`, `affix`, `no_tags_view`, `can_to`, `status`, `perms`, `icon`, `created_at`, `updated_by`, `updated_at`, `remark`, `created_by`, `deleted_at`) VALUES (13, 'permission', '权限管理', NULL, 0, 13, '/permission', NULL, '/permission/btn-perm', '', '1', 'M', '0', '', '1', '1', '1', '0', '0', '1', NULL, 'defend', NOW(), NULL, NULL, '', NULL, NULL);
INSERT INTO `sys_menu` (`id`, `name`, `title`, `i18nkey`, `pid`, `order`, `path`, `component`, `redirect`, `href`, `no_cache`, `menu_type`, `hidden`, `active_menu`, `always_show`, `breadcrumb`, `affix`, `no_tags_view`, `can_to`, `status`, `perms`, `icon`, `created_at`, `updated_by`, `updated_at`, `remark`, `created_by`, `deleted_at`) VALUES (1301, 'btn-perm', '按钮权限', NULL, 13, 1, '/permission/btn-perm', 'permission/btn-perm/btn-perm', '', '', '1', 'C', '0', '', '1', '1', '1', '0', '0', '1', NULL, 'icon-menu', NOW(), NULL, NULL, '', NULL, NULL);
INSERT INTO `sys_menu` (`id`, `name`, `title`, `i18nkey`, `pid`, `order`, `path`, `component`, `redirect`, `href`, `no_cache`, `menu_type`, `hidden`, `active_menu`, `always_show`, `breadcrumb`, `affix`, `no_tags_view`, `can_to`, `status`, `perms`, `icon`, `created_at`, `updated_by`, `updated_at`, `remark`, `created_by`, `deleted_at`) VALUES (1302, 'admin-page', 'Admin页面', NULL, 13, 2, '/permission/admin-page', 'permission/admin-page/admin-page', '', '', '1', 'C', '0', '', '1', '1', '1', '0', '0', '1', NULL, 'icon-menu', NOW(), NULL, NULL, '', NULL, NULL);
INSERT INTO `sys_menu` (`id`, `name`, `title`, `i18nkey`, `pid`, `order`, `path`, `component`, `redirect`, `href`, `no_cache`, `menu_type`, `hidden`, `active_menu`, `always_show`, `breadcrumb`, `affix`, `no_tags_view`, `can_to`, `status`, `perms`, `icon`, `created_at`, `updated_by`, `updated_at`, `remark`, `created_by`, `deleted_at`) VALUES (1303, 'common-page', '普通页面', NULL, 13, 3, '/permission/common-page', 'permission/common-page/common-page', '', '', '1', 'C', '0', '', '1', '1', '1', '0', '0', '1', NULL, 'icon-menu', NOW(), NULL, NULL, '', NULL, NULL);
INSERT INTO `sys_menu` (`id`, `name`, `title`, `i18nkey`, `pid`, `order`, `path`, `component`, `redirect`, `href`, `no_cache`, `menu_type`, `hidden`, `active_menu`, `always_show`, `breadcrumb`, `affix`, `no_tags_view`, `can_to`, `status`, `perms`, `icon`, `created_at`, `updated_by`, `updated_at`, `remark`, `created_by`, `deleted_at`) VALUES (14, 'link', '内链', NULL, 0, 14, '/link', NULL, '/link/internal', '', '1', 'M', '0', '', '1', '1', '1', '0', '0', '1', NULL, 'link', NOW(), NULL, NULL, '', NULL, NULL);
INSERT INTO `sys_menu` (`id`, `name`, `title`, `i18nkey`, `pid`, `order`, `path`, `component`, `redirect`, `href`, `no_cache`, `menu_type`, `hidden`, `active_menu`, `always_show`, `breadcrumb`, `affix`, `no_tags_view`, `can_to`, `status`, `perms`, `icon`, `created_at`, `updated_by`, `updated_at`, `remark`, `created_by`, `deleted_at`) VALUES (1401, 'internal', '内部链接', NULL, 14, 1, '/link/internal', NULL, '', '', '1', 'M', '0', '', '1', '1', '1', '0', '0', '1', NULL, 'icon-menu', NOW(), NULL, NULL, '', NULL, NULL);
INSERT INTO `sys_menu` (`id`, `name`, `title`, `i18nkey`, `pid`, `order`, `path`, `component`, `redirect`, `href`, `no_cache`, `menu_type`, `hidden`, `active_menu`, `always_show`, `breadcrumb`, `affix`, `no_tags_view`, `can_to`, `status`, `perms`, `icon`, `created_at`, `updated_by`, `updated_at`, `remark`, `created_by`, `deleted_at`) VALUES (140101, 'uigradients', 'UI渐变', NULL, 1401, 1, '/link/internal/uigradients', 'link/internal/internal', '', 'https://uigradients.com/#HoneyDew', '1', 'C', '0', '', '1', '1', '1', '0', '0', '1', NULL, 'icon-menu', NOW(), NULL, NULL, '', NULL, NULL);
INSERT INTO `sys_menu` (`id`, `name`, `title`, `i18nkey`, `pid`, `order`, `path`, `component`, `redirect`, `href`, `no_cache`, `menu_type`, `hidden`, `active_menu`, `always_show`, `breadcrumb`, `affix`, `no_tags_view`, `can_to`, `status`, `perms`, `icon`, `created_at`, `updated_by`, `updated_at`, `remark`, `created_by`, `deleted_at`) VALUES (140102, 'color-taking-tool', '取色工具', NULL, 1401, 2, '/link/internal/color-taking-tool', 'link/internal/internal', '', 'https://photokit.com/colors/eyedropper/?lang=zh', '1', 'C', '0', '', '1', '1', '1', '0', '0', '1', NULL, 'icon-menu', NOW(), NULL, NULL, '', NULL, NULL);
INSERT INTO `sys_menu` (`id`, `name`, `title`, `i18nkey`, `pid`, `order`, `path`, `component`, `redirect`, `href`, `no_cache`, `menu_type`, `hidden`, `active_menu`, `always_show`, `breadcrumb`, `affix`, `no_tags_view`, `can_to`, `status`, `perms`, `icon`, `created_at`, `updated_by`, `updated_at`, `remark`, `created_by`, `deleted_at`) VALUES (140103, 'grid-generator', '网格生成器', NULL, 1401, 3, '/link/internal/grid-generator', 'link/internal/internal', '', 'https://cssgrid-generator.netlify.app/', '1', 'C', '0', '', '1', '1', '1', '0', '0', '1', NULL, 'icon-menu', NOW(), NULL, NULL, '', NULL, NULL);
INSERT INTO `sys_menu` (`id`, `name`, `title`, `i18nkey`, `pid`, `order`, `path`, `component`, `redirect`, `href`, `no_cache`, `menu_type`, `hidden`, `active_menu`, `always_show`, `breadcrumb`, `affix`, `no_tags_view`, `can_to`, `status`, `perms`, `icon`, `created_at`, `updated_by`, `updated_at`, `remark`, `created_by`, `deleted_at`) VALUES (140104, 'gaodemap', '高德地图', NULL, 1401, 4, '/link/internal/gaodemap', 'link/internal/internal', '', 'http://115.190.79.132:82/', '1', 'C', '0', '', '1', '1', '1', '0', '0', '1', NULL, 'icon-menu', NOW(), NULL, NULL, '', NULL, NULL);
INSERT INTO `sys_menu` (`id`, `name`, `title`, `i18nkey`, `pid`, `order`, `path`, `component`, `redirect`, `href`, `no_cache`, `menu_type`, `hidden`, `active_menu`, `always_show`, `breadcrumb`, `affix`, `no_tags_view`, `can_to`, `status`, `perms`, `icon`, `created_at`, `updated_by`, `updated_at`, `remark`, `created_by`, `deleted_at`) VALUES (1402, 'external', '外部链接', NULL, 14, 2, '/link/external', NULL, '', '', '1', 'M', '0', '', '1', '1', '1', '0', '0', '1', NULL, 'icon-menu', NOW(), NULL, NULL, '', NULL, NULL);
INSERT INTO `sys_menu` (`id`, `name`, `title`, `i18nkey`, `pid`, `order`, `path`, `component`, `redirect`, `href`, `no_cache`, `menu_type`, `hidden`, `active_menu`, `always_show`, `breadcrumb`, `affix`, `no_tags_view`, `can_to`, `status`, `perms`, `icon`, `created_at`, `updated_by`, `updated_at`, `remark`, `created_by`, `deleted_at`) VALUES (140201, 'EcomAdmin-Docs', 'EcomAdmin文档', NULL, 1402, 5, '/link/external/EcomAdmin-Docs', 'link/external/external', '', 'http://115.190.79.132:81/', '1', 'C', '0', '', '1', '1', '1', '0', '0', '1', NULL, 'icon-menu', NOW(), NULL, NULL, '', NULL, NULL);
INSERT INTO `sys_menu` (`id`, `name`, `title`, `i18nkey`, `pid`, `order`, `path`, `component`, `redirect`, `href`, `no_cache`, `menu_type`, `hidden`, `active_menu`, `always_show`, `breadcrumb`, `affix`, `no_tags_view`, `can_to`, `status`, `perms`, `icon`, `created_at`, `updated_by`, `updated_at`, `remark`, `created_by`, `deleted_at`) VALUES (140202, 'vue', 'Vue文档', NULL, 1402, 1, '/link/external/vue', 'link/external/external', '', 'https://cn.vuejs.org/', '1', 'C', '0', '', '1', '1', '1', '0', '0', '1', NULL, 'icon-menu', NOW(), NULL, NULL, '', NULL, NULL);
INSERT INTO `sys_menu` (`id`, `name`, `title`, `i18nkey`, `pid`, `order`, `path`, `component`, `redirect`, `href`, `no_cache`, `menu_type`, `hidden`, `active_menu`, `always_show`, `breadcrumb`, `affix`, `no_tags_view`, `can_to`, `status`, `perms`, `icon`, `created_at`, `updated_by`, `updated_at`, `remark`, `created_by`, `deleted_at`) VALUES (140203, 'vite', 'Vite文档', NULL, 1402, 2, '/link/external/vite', 'link/external/external', '', 'https://www.vitejs.net/', '1', 'C', '0', '', '1', '1', '1', '0', '0', '1', NULL, 'icon-menu', NOW(), NULL, NULL, '', NULL, NULL);
INSERT INTO `sys_menu` (`id`, `name`, `title`, `i18nkey`, `pid`, `order`, `path`, `component`, `redirect`, `href`, `no_cache`, `menu_type`, `hidden`, `active_menu`, `always_show`, `breadcrumb`, `affix`, `no_tags_view`, `can_to`, `status`, `perms`, `icon`, `created_at`, `updated_by`, `updated_at`, `remark`, `created_by`, `deleted_at`) VALUES (140204, 'github', 'GitHub', NULL, 1402, 3, '/link/external/github', 'link/external/external', '', 'https://github.com/WangFan-io/EcomAdmin', '1', 'C', '1', '', '1', '1', '1', '0', '0', '1', NULL, 'icon-menu', NOW(), NULL, NULL, '', NULL, NULL);
INSERT INTO `sys_menu` (`id`, `name`, `title`, `i18nkey`, `pid`, `order`, `path`, `component`, `redirect`, `href`, `no_cache`, `menu_type`, `hidden`, `active_menu`, `always_show`, `breadcrumb`, `affix`, `no_tags_view`, `can_to`, `status`, `perms`, `icon`, `created_at`, `updated_by`, `updated_at`, `remark`, `created_by`, `deleted_at`) VALUES (140205, 'juejin', '掘金', NULL, 1402, 4, '/link/external/juejin', 'link/external/external', '', 'https://juejin.cn/user/1728883023940600', '1', 'C', '0', '', '1', '1', '1', '0', '0', '1', NULL, 'icon-menu', NOW(), NULL, NULL, '', NULL, NULL);
INSERT INTO `sys_menu` (`id`, `name`, `title`, `i18nkey`, `pid`, `order`, `path`, `component`, `redirect`, `href`, `no_cache`, `menu_type`, `hidden`, `active_menu`, `always_show`, `breadcrumb`, `affix`, `no_tags_view`, `can_to`, `status`, `perms`, `icon`, `created_at`, `updated_by`, `updated_at`, `remark`, `created_by`, `deleted_at`) VALUES (15, 'monitor', '系统监控', NULL, 0, 15, '/monitor', NULL, '/monitor/onlineuser', '', '1', 'M', '0', '', '1', '1', '1', '0', '0', '1', NULL, 'financial-statement', NOW(), NULL, NULL, '', NULL, NULL);
INSERT INTO `sys_menu` (`id`, `name`, `title`, `i18nkey`, `pid`, `order`, `path`, `component`, `redirect`, `href`, `no_cache`, `menu_type`, `hidden`, `active_menu`, `always_show`, `breadcrumb`, `affix`, `no_tags_view`, `can_to`, `status`, `perms`, `icon`, `created_at`, `updated_by`, `updated_at`, `remark`, `created_by`, `deleted_at`) VALUES (1501, 'onlineuser', '在线用户', NULL, 15, 1, '/monitor/onlineuser', 'monitor/onlineuser/index', '', '', '1', 'C', '0', '', '1', '1', '1', '0', '0', '1', NULL, 'icon-menu', NOW(), NULL, NULL, '', NULL, NULL);
INSERT INTO `sys_menu` (`id`, `name`, `title`, `i18nkey`, `pid`, `order`, `path`, `component`, `redirect`, `href`, `no_cache`, `menu_type`, `hidden`, `active_menu`, `always_show`, `breadcrumb`, `affix`, `no_tags_view`, `can_to`, `status`, `perms`, `icon`, `created_at`, `updated_by`, `updated_at`, `remark`, `created_by`, `deleted_at`) VALUES (1502, 'crontab', '定时任务', NULL, 15, 2, '/monitor/crontab', 'monitor/crontab/index', '', '', '1', 'C', '0', '', '1', '1', '1', '0', '0', '1', NULL, 'icon-menu', NOW(), NULL, NULL, '', NULL, NULL);
INSERT INTO `sys_menu` (`id`, `name`, `title`, `i18nkey`, `pid`, `order`, `path`, `component`, `redirect`, `href`, `no_cache`, `menu_type`, `hidden`, `active_menu`, `always_show`, `breadcrumb`, `affix`, `no_tags_view`, `can_to`, `status`, `perms`, `icon`, `created_at`, `updated_by`, `updated_at`, `remark`, `created_by`, `deleted_at`) VALUES (1503, 'crontab-logs', '任务日志', NULL, 15, 3, '/monitor/crontab-logs', 'monitor/crontab-logs/index', '', '', '1', 'C', '0', '', '1', '1', '1', '0', '0', '1', NULL, 'icon-menu', NOW(), NULL, NULL, '', NULL, NULL);
INSERT INTO `sys_menu` (`id`, `name`, `title`, `i18nkey`, `pid`, `order`, `path`, `component`, `redirect`, `href`, `no_cache`, `menu_type`, `hidden`, `active_menu`, `always_show`, `breadcrumb`, `affix`, `no_tags_view`, `can_to`, `status`, `perms`, `icon`, `created_at`, `updated_by`, `updated_at`, `remark`, `created_by`, `deleted_at`) VALUES (17, 'i18n', '国际化', NULL, 0, 17, '/i18n', 'i18n/show/index', '', '', '1', 'C', '0', '', '1', '1', '1', '0', '0', '1', NULL, 'earth', NOW(), NULL, NULL, '', NULL, NULL);
INSERT INTO `sys_menu` (`id`, `name`, `title`, `i18nkey`, `pid`, `order`, `path`, `component`, `redirect`, `href`, `no_cache`, `menu_type`, `hidden`, `active_menu`, `always_show`, `breadcrumb`, `affix`, `no_tags_view`, `can_to`, `status`, `perms`, `icon`, `created_at`, `updated_by`, `updated_at`, `remark`, `created_by`, `deleted_at`) VALUES (18, 'about', '关于', NULL, 0, 18, '/about', 'about/about', '', '', '1', 'C', '0', '', '1', '1', '1', '0', '0', '1', NULL, 'about', NOW(), NULL, NULL, '', NULL, NULL);
INSERT INTO `sys_menu` (`id`, `name`, `title`, `i18nkey`, `pid`, `order`, `path`, `component`, `redirect`, `href`, `no_cache`, `menu_type`, `hidden`, `active_menu`, `always_show`, `breadcrumb`, `affix`, `no_tags_view`, `can_to`, `status`, `perms`, `icon`, `created_at`, `updated_by`, `updated_at`, `remark`, `created_by`, `deleted_at`) VALUES (130101, 'btn-add', '新增按钮', NULL, 1301, 1, '', NULL, '', '', '1', 'F', '0', '', '0', '1', '0', '0', '0', '1', 'sys:btn:add', '', NOW(), NULL, NULL, '', NULL, NULL);
INSERT INTO `sys_menu` (`id`, `name`, `title`, `i18nkey`, `pid`, `order`, `path`, `component`, `redirect`, `href`, `no_cache`, `menu_type`, `hidden`, `active_menu`, `always_show`, `breadcrumb`, `affix`, `no_tags_view`, `can_to`, `status`, `perms`, `icon`, `created_at`, `updated_by`, `updated_at`, `remark`, `created_by`, `deleted_at`) VALUES (130102, 'btn-edit', '编辑按钮', NULL, 1301, 2, '', NULL, '', '', '1', 'F', '0', '', '0', '1', '0', '0', '0', '1', 'sys:btn:edit', '', NOW(), NULL, NULL, '', NULL, NULL);
INSERT INTO `sys_menu` (`id`, `name`, `title`, `i18nkey`, `pid`, `order`, `path`, `component`, `redirect`, `href`, `no_cache`, `menu_type`, `hidden`, `active_menu`, `always_show`, `breadcrumb`, `affix`, `no_tags_view`, `can_to`, `status`, `perms`, `icon`, `created_at`, `updated_by`, `updated_at`, `remark`, `created_by`, `deleted_at`) VALUES (130103, 'btn-delete', '删除按钮', NULL, 1301, 3, '', NULL, '', '', '1', 'F', '0', '', '0', '1', '0', '0', '0', '1', 'sys:btn:delete', '', NOW(), NULL, NULL, '', NULL, NULL);
INSERT INTO `sys_menu` (`id`, `name`, `title`, `i18nkey`, `pid`, `order`, `path`, `component`, `redirect`, `href`, `no_cache`, `menu_type`, `hidden`, `active_menu`, `always_show`, `breadcrumb`, `affix`, `no_tags_view`, `can_to`, `status`, `perms`, `icon`, `created_at`, `updated_by`, `updated_at`, `remark`, `created_by`, `deleted_at`) VALUES (130104, 'btn-add2', '新增按钮-2', NULL, 1301, 1, '', NULL, '', '', '1', 'F', '0', '', '0', '1', '0', '0', '0', '1', 'common:btn:add', '', NOW(), NULL, NULL, '', NULL, NULL);
INSERT INTO `sys_menu` (`id`, `name`, `title`, `i18nkey`, `pid`, `order`, `path`, `component`, `redirect`, `href`, `no_cache`, `menu_type`, `hidden`, `active_menu`, `always_show`, `breadcrumb`, `affix`, `no_tags_view`, `can_to`, `status`, `perms`, `icon`, `created_at`, `updated_by`, `updated_at`, `remark`, `created_by`, `deleted_at`) VALUES (130105, 'btn-edit2', '编辑按钮-2', NULL, 1301, 2, '', NULL, '', '', '1', 'F', '0', '', '0', '1', '0', '0', '0', '1', 'common:btn:edit', '', NOW(), NULL, NULL, '', NULL, NULL);
INSERT INTO `sys_menu` (`id`, `name`, `title`, `i18nkey`, `pid`, `order`, `path`, `component`, `redirect`, `href`, `no_cache`, `menu_type`, `hidden`, `active_menu`, `always_show`, `breadcrumb`, `affix`, `no_tags_view`, `can_to`, `status`, `perms`, `icon`, `created_at`, `updated_by`, `updated_at`, `remark`, `created_by`, `deleted_at`) VALUES (130106, 'btn-delete2', '删除按钮-2', NULL, 1301, 3, '', NULL, '', '', '1', 'F', '0', '', '0', '1', '0', '0', '0', '1', 'common:btn:delete', '', NOW(), NULL, NULL, '', NULL, NULL);

INSERT INTO `sys_dict_type` (`dict_id`, `dict_name`, `dict_type`, `order`, `created_at`, `updated_at`, `remark`) VALUES (1, '性别', 'gender', 1, NOW(), NOW(), '性别字典');
INSERT INTO `sys_dict_type` (`dict_id`, `dict_name`, `dict_type`, `order`, `created_at`, `updated_at`, `remark`) VALUES (2, '状态', 'status', 2, NOW(), NOW(), '状态字典');
INSERT INTO `sys_dict_type` (`dict_id`, `dict_name`, `dict_type`, `order`, `created_at`, `updated_at`, `remark`) VALUES (3, '岗位', 'post', 3, NOW(), NOW(), '岗位字典');
INSERT INTO `sys_dict_type` (`dict_id`, `dict_name`, `dict_type`, `order`, `created_at`, `updated_at`, `remark`) VALUES (4, '任务状态', 'taskStatus', 4, NOW(), NOW(), '任务状态字典');

INSERT INTO `sys_dict_data` (`dict_code`, `dict_sort`, `dict_label`, `dict_value`, `dict_type_id`, `created_at`, `updated_at`, `remark`) VALUES (11, 1, '男', '0', 1, NOW(), NOW(), '男性');
INSERT INTO `sys_dict_data` (`dict_code`, `dict_sort`, `dict_label`, `dict_value`, `dict_type_id`, `created_at`, `updated_at`, `remark`) VALUES (12, 2, '女', '1', 1, NOW(), NOW(), '女性');
INSERT INTO `sys_dict_data` (`dict_code`, `dict_sort`, `dict_label`, `dict_value`, `dict_type_id`, `created_at`, `updated_at`, `remark`) VALUES (13, 3, '其它', '2', 1, NOW(), NOW(), '其他');
INSERT INTO `sys_dict_data` (`dict_code`, `dict_sort`, `dict_label`, `dict_value`, `dict_type_id`, `created_at`, `updated_at`, `remark`) VALUES (21, 1, '禁用', '0', 2, NOW(), NOW(), '禁用状态');
INSERT INTO `sys_dict_data` (`dict_code`, `dict_sort`, `dict_label`, `dict_value`, `dict_type_id`, `created_at`, `updated_at`, `remark`) VALUES (22, 2, '启用', '1', 2, NOW(), NOW(), '启用状态');
INSERT INTO `sys_dict_data` (`dict_code`, `dict_sort`, `dict_label`, `dict_value`, `dict_type_id`, `created_at`, `updated_at`, `remark`) VALUES (31, 1, '总经理', '1', 3, NOW(), NOW(), '总经理岗位');
INSERT INTO `sys_dict_data` (`dict_code`, `dict_sort`, `dict_label`, `dict_value`, `dict_type_id`, `created_at`, `updated_at`, `remark`) VALUES (32, 2, '总监', '2', 3, NOW(), NOW(), '总监岗位');
INSERT INTO `sys_dict_data` (`dict_code`, `dict_sort`, `dict_label`, `dict_value`, `dict_type_id`, `created_at`, `updated_at`, `remark`) VALUES (33, 3, '人事主管', '3', 3, NOW(), NOW(), '人事主管岗位');
INSERT INTO `sys_dict_data` (`dict_code`, `dict_sort`, `dict_label`, `dict_value`, `dict_type_id`, `created_at`, `updated_at`, `remark`) VALUES (34, 4, '开发部主管', '4', 3, NOW(), NOW(), '开发部主管岗位');
INSERT INTO `sys_dict_data` (`dict_code`, `dict_sort`, `dict_label`, `dict_value`, `dict_type_id`, `created_at`, `updated_at`, `remark`) VALUES (35, 5, '普通职员', '5', 3, NOW(), NOW(), '普通职员岗位');
INSERT INTO `sys_dict_data` (`dict_code`, `dict_sort`, `dict_label`, `dict_value`, `dict_type_id`, `created_at`, `updated_at`, `remark`) VALUES (36, 6, '其它', '999', 3, NOW(), NOW(), '其他岗位');
INSERT INTO `sys_dict_data` (`dict_code`, `dict_sort`, `dict_label`, `dict_value`, `dict_type_id`, `created_at`, `updated_at`, `remark`) VALUES (41, 1, '失败', '0', 4, NOW(), NOW(), '任务失败');
INSERT INTO `sys_dict_data` (`dict_code`, `dict_sort`, `dict_label`, `dict_value`, `dict_type_id`, `created_at`, `updated_at`, `remark`) VALUES (42, 2, '成功', '1', 4, NOW(), NOW(), '任务成功');

INSERT INTO `sys_role_menu` (`role_id`, `menu_id`) SELECT 1, `id` FROM `sys_menu`;
INSERT INTO `sys_role_menu` (`role_id`, `menu_id`) VALUES (2, 1);
INSERT INTO `sys_role_menu` (`role_id`, `menu_id`) VALUES (2, 10);
INSERT INTO `sys_role_menu` (`role_id`, `menu_id`) VALUES (2, 1007);
INSERT INTO `sys_role_menu` (`role_id`, `menu_id`) VALUES (2, 13);
INSERT INTO `sys_role_menu` (`role_id`, `menu_id`) VALUES (2, 1301);
INSERT INTO `sys_role_menu` (`role_id`, `menu_id`) VALUES (2, 130104);
INSERT INTO `sys_role_menu` (`role_id`, `menu_id`) VALUES (2, 130105);
INSERT INTO `sys_role_menu` (`role_id`, `menu_id`) VALUES (2, 130106);
INSERT INTO `sys_role_menu` (`role_id`, `menu_id`) VALUES (2, 18);

INSERT INTO `sys_role_dept` (`role_id`, `dept_id`) SELECT 1, `dept_id` FROM `sys_dept`;
INSERT INTO `sys_role_dept` (`role_id`, `dept_id`) VALUES (2, 100);
INSERT INTO `sys_role_dept` (`role_id`, `dept_id`) VALUES (2, 10001);
INSERT INTO `sys_role_dept` (`role_id`, `dept_id`) VALUES (2, 1000101);
INSERT INTO `sys_role_dept` (`role_id`, `dept_id`) VALUES (2, 100010101);


